{
  "type": "pinhole",
  "width": 1280,
  "height": 720,
  "K": [1.0375434238279897e+03, 0, 6.2241946067323329e+02, 0, 1.0375434238279897e+03, 3.6345213788296542e+02, 0, 0, 1],
  "D": [-4.1898833922052897e-01, 1.6468156700862382e-01, -4.9204919098935936e-04, -7.0785783156670904e-04, 0.0]
}
